<?xml version="1.0" encoding="UTF-8"?><metadata>
    <idinfo>
        <citation>
            <citeinfo>
                <title>Census Tracts in Syracuse NY - 2020</title>
                <onlink>https://services6.arcgis.com/bdPqSfflsdgFRVVM/arcgis/rest/services/Census_Tracts_in_Syracuse_NY_-_2020/FeatureServer</onlink>
            </citeinfo>
        </citation>
        <descript>
            <abstract>The TIGER/Line shapefiles and related database files (.dbf) are an extract of selected geographic and cartographic information from the U.S. Census Bureau's Master Address File / Topologically Integrated Geographic Encoding and Referencing (MAF/TIGER) Database (MTDB).&amp;nbsp; The MTDB represents a seamless national file with no overlaps or gaps between parts, however, each TIGER/Line shapefile is designed to stand alone as an independent data set, or they can be combined to cover the entire nation.Census tracts are small, relatively permanent statistical subdivisions of a county or equivalent entity, and were defined by local participants as part of the 2020 Census Participant Statistical Areas Program.&amp;nbsp; The Census Bureau delineated the census tracts in situations where no local participant existed or where all the potential participants declined to participate.&amp;nbsp; The primary purpose of census tracts is to provide a stable set of geographic units for the presentation of census data and comparison back to previous decennial censuses.&amp;nbsp; Census tracts generally have a population size between 1,200 and 8,000 people, with an optimum size of 4,000 people.&amp;nbsp; When first delineated, census tracts were designed to be homogeneous with respect to population characteristics, economic status, and living conditions.&amp;nbsp; The spatial size of census tracts varies widely depending on the density of settlement.&amp;nbsp; Physical changes in street patterns caused by highway construction, new development, and so forth, may require boundary revisions.&amp;nbsp; In addition, census tracts occasionally are split due to population growth, or combined as a result of substantial population decline.&amp;nbsp; Census tract boundaries generally follow visible and identifiable features.&amp;nbsp; They may follow legal boundaries such as minor civil division (MCD) or incorporated place boundaries in some States and situations to allow for census tract-to-governmental unit relationships where the governmental boundaries tend to remain unchanged between censuses.&amp;nbsp; State and county boundaries always are census tract boundaries in the standard census geographic hierarchy.&amp;nbsp; In a few rare instances, a census tract may consist of noncontiguous areas.&amp;nbsp; These noncontiguous areas may occur where the census tracts are coextensive with all or parts of legal entities that are themselves noncontiguous.&amp;nbsp; For the 2020 Census, the census tract code range of 9400 through 9499 was enforced for census tracts that include a majority American Indian population according to Census 2010 data and/or their area was primarily covered by federally recognized American Indian reservations and/or off-reservation trust lands; the code range 9800 through 9899 was enforced for those census tracts that contained little or no population and represented a relatively large special land use area such as a National Park, military installation, or a business/industrial park; and the code range 9900 through 9998 was enforced for those census tracts that contained only water area.Metadata/ Data Dictionary Available at:&amp;nbsp;CensusTractsInSyracuseNY-2020.xml</abstract>
            <purpose>Shapefile map of Census Tracts in the City of Syracuse from the U.S. Census Bureau's 2020 Census.</purpose>
        </descript>
        <keywords>
            <theme>
                <themekt>None</themekt>
                <themekey>Map</themekey>
                <themekey>Census</themekey>
                <themekey>Tract</themekey>
            </theme>
        </keywords>
        <accconst>Other Constraints</accconst>
        <useconst>The TIGER/Line Shapefile products are not copyrighted however TIGER/Line and Census TIGER are registered trademarks of the U.S. Census Bureau.  These products are free to use in a product or publication, however acknowledgement must be given to the U.S. Census Bureau as the source.These products are free to use in a product or publication, however acknowledgement must be given to the U.S. Census Bureau as the source.  The boundaries in the TIGER/Line Shapefiles are for statistical data collection and tabulation purposes only, their depiction and designation for statistical purposes does not constitute a determination of jurisdictional authority or rights of ownership or entitlement and they are not legal land descriptions. Coordinates in the TIGER/Line shapefiles have six implied decimal places, but the positional accuracy of these coordinates is not as great as the six decimal places suggest.</useconst>
        <datacred>U.S. Department of Commerce, U.S. Census Bureau, Geography Division, Spatial Data Collection and Products Branch</datacred>
    </idinfo>
    <metainfo>
        <metd>20220317</metd>
        <metc>
            <cntinfo>
                <!--no contact person or organization name available-->
            </cntinfo>
        </metc>
        <metstdn>FGDC Content Standard for Digital Geospatial Metadata</metstdn>
        <metstdv>FGDC-STD-001-1998</metstdv>
        <mettc>local time</mettc>
    </metainfo>
</metadata>
