<?xml version="1.0" encoding="UTF-8"?><metadata>
    <idinfo>
        <citation>
            <citeinfo>
                <title>Crime Data 2022 - Part 1 Offenses (With Lat / Long Info)</title>
            </citeinfo>
        </citation>
        <descript>
            <abstract>This 2022 crime data is the list of crimes that the Syracuse Police Department responded to in 2022.  These records does not include rape offenses as well as any crimes that have been sealed by the court.  Crimes are reported to the FBI in two major categories under the Uniform Crime Reports specification: Part 1 and Part 2 crimes. Part 1 crimes include criminal homicide, forcible rape, robbery, aggravated assault, burglary, larceny-theft, and motor vehicle theft.  In these records, rape offenses have been excluded due to victim privacy concerns.Part 2 crimes include all other offenses. A more detailed guide to Part 1 crimes is listed below.  More details about Part 2 Crimes is listed in the Part 2 Crimes Dataset.When using the data, the date and time provided are when the crime was actually reported. This means that though a larceny might be reported at noon, the actual crime could have happened at 8am, but was not realized until someone noticed hours later. Similarly, if a home break-in happens during a holiday weekend when the owners are out of town, the crime report may not come in until they return home and notice the crime took place previously. The address in the dataset is where the crime occurred. The location is also anonymized to the block level, so a crime that occurred at 123 Main St. will appear as occurring on the 100 block of Main St. This is to protect the privacy of all involved. Finally, information about crimes is fluid, and details about the crime could change.Data DictionaryDate End - Date that the crime was reported.  It could have happened earlier.  This is in the format of DD-MON-YY (Ex. 01-Jan-22).Time start and time end - Listed in military time (2400) - Burglaries and larcenies are often a time frame. Address - Where the crime occurred.  All addresses are in the 100’s because the Syracuse Police Department allows privacy for residents and only lists the block number.Code Defined - Offense names are listed as crime categories group for ease of understanding.  There may have been other offenses also, but the one displayed is the highest Unified Crime Reporting (UCR) category.Arrest - Means that there was an arrest, but not necessarily for that crime.Larceny Code - Indicates the type of larceny (Example: From Building or From Motor Vehicle).DisclaimerData derived from the Syracuse Police Department record management system, any data not listed is not currently available.Part I Crime DefinitionsCriminal homicide—a.) Murder and non-negligent manslaughter: the willful (non-negligent) killing of one human being by another. Deaths caused by negligence, attempts to kill, assaults to kill, suicides, and accidental deaths are excluded. The program classifies justifiable homicides separately and limits the definition to: (1) the killing of a felon by a law enforcement officer in the line of duty; or (2) the killing of a felon, during the commission of a felony, by a private citizen. b.) Manslaughter by negligence: the killing of another person through gross negligence. Deaths of persons due to their own negligence, accidental deaths not resulting from gross negligence, and traffic fatalities are not included in the category Manslaughter by Negligence. Robbery—The taking or attempting to take anything of value from the care, custody, or control of a person or persons by force or threat of force or violence and/or by putting the victim in fear. Aggravated assault—An unlawful attack by one person upon another for the purpose of inflicting severe or aggravated bodily injury. This type of assault usually is accompanied by the use of a weapon or by means likely to produce death or great bodily harm. Simple assaults are excluded. Burglary (breaking or entering)—The unlawful entry of a structure to commit a felony or a theft. Attempted forcible entry is included. Larceny-theft (except motor vehicle theft)—The unlawful taking, carrying, leading, or riding away of property from the possession or constructive possession of another. Examples are thefts of bicycles, motor vehicle parts and accessories, shoplifting, pocket picking, or the stealing of any property or article that is not taken by force and violence or by fraud. Attempted larcenies are included. Embezzlement, confidence games, forgery, check fraud, etc., are excluded. Motor vehicle theft—The theft or attempted theft of a motor vehicle. A motor vehicle is self-propelled and runs on land surface and not on rails. Motorboats, construction equipment, airplanes, and farming equipment are specifically excluded from this category. </abstract>
            <purpose>Most recent data from Part 1 Crimes. Updated on 1/13/2023.</purpose>
        </descript>
        <keywords>
            <theme>
                <themekt>None</themekt>
                <themekey>Crime</themekey>
                <themekey>Crimes</themekey>
                <themekey>Police</themekey>
                <themekey>Safety</themekey>
            </theme>
        </keywords>
        <accconst>Other Constraints</accconst>
        <useconst>Terms of Use</useconst>
        <datacred>Syracuse Police Department</datacred>
    </idinfo>
    <metainfo>
        <metd>20230113</metd>
        <metc>
            <cntinfo>
                <!--no contact person or organization name available-->
            </cntinfo>
        </metc>
        <metstdn>FGDC Content Standard for Digital Geospatial Metadata</metstdn>
        <metstdv>FGDC-STD-001-1998</metstdv>
        <mettc>local time</mettc>
    </metainfo>
</metadata>
